SUCURSAL,REGION
SUC-0001,OCCIDENTE
SUC-0002,OCCIDENTE
SUC-0003,OCCIDENTE
SUC-0004,OCCIDENTE
SUC-0005,OCCIDENTE
SUC-0006,ORIENTE
SUC-0007,OCCIDENTE
SUC-0008,OCCIDENTE
SUC-0009,ORIENTE
SUC-0010,OCCIDENTE
SUC-0011,NORTE 
SUC-0012,NORTE 
SUC-0013,NORTE 
SUC-0014,NORTE 
SUC-0015,ORIENTE
SUC-0016,ORIENTE
SUC-0017,ORIENTE
SUC-0018,ORIENTE
SUC-0019,ORIENTE
SUC-0020,NORTE 
SUC-0021,ORIENTE
SUC-0022,ORIENTE
SUC-0023,ORIENTE
SUC-0024,OCCIDENTE
SUC-0025,ORIENTE
SUC-0026,CENTRAL
SUC-0027,CENTRAL
SUC-0028,CENTRAL
SUC-0029,CENTRAL
SUC-0030,CENTRAL
SUC-0031,CENTRAL
SUC-0032,CENTRAL
SUC-0033,OCCIDENTE
SUC-0034,OCCIDENTE
SUC-0035,ORIENTE
SUC-0036,CENTRAL
SUC-0037,OCCIDENTE
SUC-0038,NORTE 
SUC-0039,ORIENTE
SUC-0040,ORIENTE
SUC-0041,OCCIDENTE
SUC-0042,OCCIDENTE
SUC-0043,OCCIDENTE
SUC-0044,NORTE 
SUC-0045,ORIENTE
SUC-0046,ORIENTE
SUC-0047,ORIENTE
SUC-0048,ORIENTE
SUC-0049,ORIENTE
SUC-0050,ORIENTE
SUC-0051,OCCIDENTE
SUC-0052,CORPORATIVO
SUC-0053,CENTRAL
SUC-0054,OCCIDENTE
SUC-0055,OCCIDENTE
SUC-0056,ORIENTE
SUC-0057,ORIENTE
SUC-0058,OCCIDENTE
SUC-0059,OCCIDENTE
SUC-0060,CORPORATIVO
SUC-0061,ORIENTE
SUC-0062,OCCIDENTE
SUC-0063,ORIENTE
SUC-0064,ORIENTE
SUC-0065,OCCIDENTE
SUC-0066,OCCIDENTE
SUC-0067,ORIENTE
SUC-0068,CENTRAL
SUC-0069,CORPORATIVO
SUC-0070,CORPORATIVO
SUC-0071,CORPORATIVO
